"","V1"
"init","Error in culture_fn(params[i, ]) : object 'n_tight' not found
"
"","Error in culture_fn(params[i, ]) : object 'n_tight' not found
"
"","Error in culture_fn(params[i, ]) : object 'n_tight' not found
"
"","Error in culture_fn(params[i, ]) : object 'n_tight' not found
"
"","Error in culture_fn(params[i, ]) : object 'n_tight' not found
"
"","Error in culture_fn(params[i, ]) : object 'n_tight' not found
"
"","Error in culture_fn(params[i, ]) : object 'n_tight' not found
"
"","Error in culture_fn(params[i, ]) : object 'n_tight' not found
"
"","Error in culture_fn(params[i, ]) : object 'n_tight' not found
"
"","Error in culture_fn(params[i, ]) : object 'n_tight' not found
"
"","Error in culture_fn(params[i, ]) : object 'n_tight' not found
"
"","Error in culture_fn(params[i, ]) : object 'n_tight' not found
"
"","Error in culture_fn(params[i, ]) : object 'n_tight' not found
"
"","Error in culture_fn(params[i, ]) : object 'n_tight' not found
"
"","Error in culture_fn(params[i, ]) : object 'n_tight' not found
"
"","Error in culture_fn(params[i, ]) : object 'n_tight' not found
"
"","Error in culture_fn(params[i, ]) : object 'n_tight' not found
"
"","Error in culture_fn(params[i, ]) : object 'n_tight' not found
"
"","Error in culture_fn(params[i, ]) : object 'n_tight' not found
"
"","Error in culture_fn(params[i, ]) : object 'n_tight' not found
"
"","Error in culture_fn(params[i, ]) : object 'n_tight' not found
"
"","Error in culture_fn(params[i, ]) : object 'n_tight' not found
"
"","Error in culture_fn(params[i, ]) : object 'n_tight' not found
"
"","Error in culture_fn(params[i, ]) : object 'n_tight' not found
"
"","Error in culture_fn(params[i, ]) : object 'n_tight' not found
"
"","Error in culture_fn(params[i, ]) : object 'n_tight' not found
"
"","Error in culture_fn(params[i, ]) : object 'n_tight' not found
"
"","Error in culture_fn(params[i, ]) : object 'n_tight' not found
"
"","Error in culture_fn(params[i, ]) : object 'n_tight' not found
"
"","Error in culture_fn(params[i, ]) : object 'n_tight' not found
"
"","Error in culture_fn(params[i, ]) : object 'n_tight' not found
"
"","Error in culture_fn(params[i, ]) : object 'n_tight' not found
"
"","Error in culture_fn(params[i, ]) : object 'n_tight' not found
"
"","Error in culture_fn(params[i, ]) : object 'n_tight' not found
"
"","Error in culture_fn(params[i, ]) : object 'n_tight' not found
"
"","Error in culture_fn(params[i, ]) : object 'n_tight' not found
"
"","Error in culture_fn(params[i, ]) : object 'n_tight' not found
"
"","Error in culture_fn(params[i, ]) : object 'n_tight' not found
"
"","Error in culture_fn(params[i, ]) : object 'n_tight' not found
"
"","Error in culture_fn(params[i, ]) : object 'n_tight' not found
"
"","Error in culture_fn(params[i, ]) : object 'n_tight' not found
"
"","Error in culture_fn(params[i, ]) : object 'n_tight' not found
"
"","Error in culture_fn(params[i, ]) : object 'n_tight' not found
"
"","Error in culture_fn(params[i, ]) : object 'n_tight' not found
"
"","Error in culture_fn(params[i, ]) : object 'n_tight' not found
"
"","Error in culture_fn(params[i, ]) : object 'n_tight' not found
"
"","Error in culture_fn(params[i, ]) : object 'n_tight' not found
"
"","Error in culture_fn(params[i, ]) : object 'n_tight' not found
"
"","Error in culture_fn(params[i, ]) : object 'n_tight' not found
"
"","Error in culture_fn(params[i, ]) : object 'n_tight' not found
"
"","Error in culture_fn(params[i, ]) : object 'n_tight' not found
"
"","Error in culture_fn(params[i, ]) : object 'n_tight' not found
"
"","Error in culture_fn(params[i, ]) : object 'n_tight' not found
"
"","Error in culture_fn(params[i, ]) : object 'n_tight' not found
"
"","Error in culture_fn(params[i, ]) : object 'n_tight' not found
"
"","Error in culture_fn(params[i, ]) : object 'n_tight' not found
"
"","Error in culture_fn(params[i, ]) : object 'n_tight' not found
"
"","Error in culture_fn(params[i, ]) : object 'n_tight' not found
"
"","Error in culture_fn(params[i, ]) : object 'n_tight' not found
"
"","Error in culture_fn(params[i, ]) : object 'n_tight' not found
"
"","Error in culture_fn(params[i, ]) : object 'n_tight' not found
"
"","Error in culture_fn(params[i, ]) : object 'n_tight' not found
"
"","Error in culture_fn(params[i, ]) : object 'n_tight' not found
"
"","Error in culture_fn(params[i, ]) : object 'n_tight' not found
"
"","Error in culture_fn(params[i, ]) : object 'n_tight' not found
"
"","Error in culture_fn(params[i, ]) : object 'n_tight' not found
"
"","Error in culture_fn(params[i, ]) : object 'n_tight' not found
"
"","Error in culture_fn(params[i, ]) : object 'n_tight' not found
"
"","Error in culture_fn(params[i, ]) : object 'n_tight' not found
"
"","Error in culture_fn(params[i, ]) : object 'n_tight' not found
"
"","Error in culture_fn(params[i, ]) : object 'n_tight' not found
"
"","Error in culture_fn(params[i, ]) : object 'n_tight' not found
"
"","Error in culture_fn(params[i, ]) : object 'n_tight' not found
"
"","Error in culture_fn(params[i, ]) : object 'n_tight' not found
"
"","Error in culture_fn(params[i, ]) : object 'n_tight' not found
"
"","Error in culture_fn(params[i, ]) : object 'n_tight' not found
"
"","Error in culture_fn(params[i, ]) : object 'n_tight' not found
"
"","Error in culture_fn(params[i, ]) : object 'n_tight' not found
"
"","Error in culture_fn(params[i, ]) : object 'n_tight' not found
"
"","Error in culture_fn(params[i, ]) : object 'n_tight' not found
"
"","Error in culture_fn(params[i, ]) : object 'n_tight' not found
"
"","Error in culture_fn(params[i, ]) : object 'n_tight' not found
"
"","Error in culture_fn(params[i, ]) : object 'n_tight' not found
"
"","Error in culture_fn(params[i, ]) : object 'n_tight' not found
"
"","Error in culture_fn(params[i, ]) : object 'n_tight' not found
"
"","Error in culture_fn(params[i, ]) : object 'n_tight' not found
"
"","Error in culture_fn(params[i, ]) : object 'n_tight' not found
"
"","Error in culture_fn(params[i, ]) : object 'n_tight' not found
"
"","Error in culture_fn(params[i, ]) : object 'n_tight' not found
"
"","Error in culture_fn(params[i, ]) : object 'n_tight' not found
"
"","Error in culture_fn(params[i, ]) : object 'n_tight' not found
"
"","Error in culture_fn(params[i, ]) : object 'n_tight' not found
"
"","Error in culture_fn(params[i, ]) : object 'n_tight' not found
"
"","Error in culture_fn(params[i, ]) : object 'n_tight' not found
"
"","Error in culture_fn(params[i, ]) : object 'n_tight' not found
"
"","Error in culture_fn(params[i, ]) : object 'n_tight' not found
"
"","Error in culture_fn(params[i, ]) : object 'n_tight' not found
"
"","Error in culture_fn(params[i, ]) : object 'n_tight' not found
"
"","Error in culture_fn(params[i, ]) : object 'n_tight' not found
"
"","Error in culture_fn(params[i, ]) : object 'n_tight' not found
"
"","Error in culture_fn(params[i, ]) : object 'n_tight' not found
"
"","Error in culture_fn(params[i, ]) : object 'n_tight' not found
"
"","Error in culture_fn(params[i, ]) : object 'n_tight' not found
"
"","Error in culture_fn(params[i, ]) : object 'n_tight' not found
"
"","Error in culture_fn(params[i, ]) : object 'n_tight' not found
"
"","Error in culture_fn(params[i, ]) : object 'n_tight' not found
"
"","Error in culture_fn(params[i, ]) : object 'n_tight' not found
"
"","Error in culture_fn(params[i, ]) : object 'n_tight' not found
"
"","Error in culture_fn(params[i, ]) : object 'n_tight' not found
"
"","Error in culture_fn(params[i, ]) : object 'n_tight' not found
"
"","Error in culture_fn(params[i, ]) : object 'n_tight' not found
"
"","Error in culture_fn(params[i, ]) : object 'n_tight' not found
"
"","Error in culture_fn(params[i, ]) : object 'n_tight' not found
"
"","Error in culture_fn(params[i, ]) : object 'n_tight' not found
"
"","Error in culture_fn(params[i, ]) : object 'n_tight' not found
"
"","Error in culture_fn(params[i, ]) : object 'n_tight' not found
"
"","Error in culture_fn(params[i, ]) : object 'n_tight' not found
"
"","Error in culture_fn(params[i, ]) : object 'n_tight' not found
"
"","Error in culture_fn(params[i, ]) : object 'n_tight' not found
"
"","Error in culture_fn(params[i, ]) : object 'n_tight' not found
"
"","Error in culture_fn(params[i, ]) : object 'n_tight' not found
"
"","Error in culture_fn(params[i, ]) : object 'n_tight' not found
"
"","Error in culture_fn(params[i, ]) : object 'n_tight' not found
"
"","Error in culture_fn(params[i, ]) : object 'n_tight' not found
"
"","Error in culture_fn(params[i, ]) : object 'n_tight' not found
"
"","Error in culture_fn(params[i, ]) : object 'n_tight' not found
"
"","Error in culture_fn(params[i, ]) : object 'n_tight' not found
"
"","Error in culture_fn(params[i, ]) : object 'n_tight' not found
"
"","Error in culture_fn(params[i, ]) : object 'n_tight' not found
"
"","Error in culture_fn(params[i, ]) : object 'n_tight' not found
"
"","Error in culture_fn(params[i, ]) : object 'n_tight' not found
"
"","Error in culture_fn(params[i, ]) : object 'n_tight' not found
"
"","Error in culture_fn(params[i, ]) : object 'n_tight' not found
"
"","Error in culture_fn(params[i, ]) : object 'n_tight' not found
"
"","Error in culture_fn(params[i, ]) : object 'n_tight' not found
"
"","Error in culture_fn(params[i, ]) : object 'n_tight' not found
"
"","Error in culture_fn(params[i, ]) : object 'n_tight' not found
"
"","Error in culture_fn(params[i, ]) : object 'n_tight' not found
"
"","Error in culture_fn(params[i, ]) : object 'n_tight' not found
"
"","Error in culture_fn(params[i, ]) : object 'n_tight' not found
"
"","Error in culture_fn(params[i, ]) : object 'n_tight' not found
"
"","Error in culture_fn(params[i, ]) : object 'n_tight' not found
"
"","Error in culture_fn(params[i, ]) : object 'n_tight' not found
"
"","Error in culture_fn(params[i, ]) : object 'n_tight' not found
"
"","Error in culture_fn(params[i, ]) : object 'n_tight' not found
"
"","Error in culture_fn(params[i, ]) : object 'n_tight' not found
"
"","Error in culture_fn(params[i, ]) : object 'n_tight' not found
"
"","Error in culture_fn(params[i, ]) : object 'n_tight' not found
"
"","Error in culture_fn(params[i, ]) : object 'n_tight' not found
"
"","Error in culture_fn(params[i, ]) : object 'n_tight' not found
"
"","Error in culture_fn(params[i, ]) : object 'n_tight' not found
"
"","Error in culture_fn(params[i, ]) : object 'n_tight' not found
"
"","Error in culture_fn(params[i, ]) : object 'n_tight' not found
"
"","Error in culture_fn(params[i, ]) : object 'n_tight' not found
"
"","Error in culture_fn(params[i, ]) : object 'n_tight' not found
"
"","Error in culture_fn(params[i, ]) : object 'n_tight' not found
"
"","Error in culture_fn(params[i, ]) : object 'n_tight' not found
"
"","Error in culture_fn(params[i, ]) : object 'n_tight' not found
"
"","Error in culture_fn(params[i, ]) : object 'n_tight' not found
"
"","Error in culture_fn(params[i, ]) : object 'n_tight' not found
"
"","Error in culture_fn(params[i, ]) : object 'n_tight' not found
"
"","Error in culture_fn(params[i, ]) : object 'n_tight' not found
"
"","Error in culture_fn(params[i, ]) : object 'n_tight' not found
"
"","Error in culture_fn(params[i, ]) : object 'n_tight' not found
"
"","Error in culture_fn(params[i, ]) : object 'n_tight' not found
"
"","Error in culture_fn(params[i, ]) : object 'n_tight' not found
"
"","Error in culture_fn(params[i, ]) : object 'n_tight' not found
"
"","Error in culture_fn(params[i, ]) : object 'n_tight' not found
"
"","Error in culture_fn(params[i, ]) : object 'n_tight' not found
"
"","Error in culture_fn(params[i, ]) : object 'n_tight' not found
"
"","Error in culture_fn(params[i, ]) : object 'n_tight' not found
"
"","Error in culture_fn(params[i, ]) : object 'n_tight' not found
"
"","Error in culture_fn(params[i, ]) : object 'n_tight' not found
"
"","Error in culture_fn(params[i, ]) : object 'n_tight' not found
"
"","Error in culture_fn(params[i, ]) : object 'n_tight' not found
"
"","Error in culture_fn(params[i, ]) : object 'n_tight' not found
"
"","Error in culture_fn(params[i, ]) : object 'n_tight' not found
"
"","Error in culture_fn(params[i, ]) : object 'n_tight' not found
"
"","Error in culture_fn(params[i, ]) : object 'n_tight' not found
"
"","Error in culture_fn(params[i, ]) : object 'n_tight' not found
"
"","Error in culture_fn(params[i, ]) : object 'n_tight' not found
"
"","Error in culture_fn(params[i, ]) : object 'n_tight' not found
"
"","Error in culture_fn(params[i, ]) : object 'n_tight' not found
"
"","Error in culture_fn(params[i, ]) : object 'n_tight' not found
"
"","Error in culture_fn(params[i, ]) : object 'n_tight' not found
"
"","Error in culture_fn(params[i, ]) : object 'n_tight' not found
"
"","Error in culture_fn(params[i, ]) : object 'n_tight' not found
"
"","Error in culture_fn(params[i, ]) : object 'n_tight' not found
"
"","Error in culture_fn(params[i, ]) : object 'n_tight' not found
"
"","Error in culture_fn(params[i, ]) : object 'n_tight' not found
"
"","Error in culture_fn(params[i, ]) : object 'n_tight' not found
"
"","Error in culture_fn(params[i, ]) : object 'n_tight' not found
"
"","Error in culture_fn(params[i, ]) : object 'n_tight' not found
"
"","Error in culture_fn(params[i, ]) : object 'n_tight' not found
"
"","Error in culture_fn(params[i, ]) : object 'n_tight' not found
"
"","Error in culture_fn(params[i, ]) : object 'n_tight' not found
"
"","Error in culture_fn(params[i, ]) : object 'n_tight' not found
"
"","Error in culture_fn(params[i, ]) : object 'n_tight' not found
"
"","Error in culture_fn(params[i, ]) : object 'n_tight' not found
"
"","Error in culture_fn(params[i, ]) : object 'n_tight' not found
"
